,AÃ‘O,MES,DIA,Fecha_Foto,PAX_ESTANCIAS
0,2022.0,4.0,6.0,15-02-2024,1640.919294351123
1,2022.0,4.0,7.0,15-02-2024,1732.6890340382065
2,2022.0,4.0,8.0,15-02-2024,1742.7957559178985
3,2022.0,4.0,9.0,15-02-2024,1807.6567500905087
4,2022.0,4.0,10.0,15-02-2024,1840.9966109274112
5,2022.0,4.0,11.0,15-02-2024,1907.6065939802688
6,2022.0,4.0,12.0,15-02-2024,1899.2866043438653
7,2022.0,4.0,13.0,15-02-2024,1875.3580061591426
8,2022.0,4.0,14.0,15-02-2024,1929.2033091645956
9,2022.0,4.0,15.0,15-02-2024,1934.6075984384872
10,2022.0,4.0,16.0,15-02-2024,1947.726862997383
11,2022.0,4.0,17.0,15-02-2024,1754.0224217457016
12,2022.0,4.0,18.0,15-02-2024,1606.4398902036576
13,2022.0,4.0,19.0,15-02-2024,1868.3833915751147
14,2022.0,4.0,20.0,15-02-2024,1736.3373064299992
15,2022.0,4.0,21.0,15-02-2024,1768.5330180528645
16,2022.0,4.0,22.0,15-02-2024,1745.09235209282
17,2022.0,4.0,23.0,15-02-2024,1616.6395870733174
18,2022.0,4.0,24.0,15-02-2024,1453.0190246069687
19,2022.0,4.0,25.0,15-02-2024,1499.3284411517286
20,2022.0,4.0,26.0,15-02-2024,1389.5047771337777
21,2022.0,4.0,27.0,15-02-2024,1462.9428457940578
22,2022.0,4.0,28.0,15-02-2024,1483.6772917381236
23,2022.0,4.0,29.0,15-02-2024,1511.3194718414488
24,2022.0,4.0,30.0,15-02-2024,1571.9211467038408
25,2022.0,5.0,1.0,15-02-2024,1492.3269719497507
26,2022.0,5.0,2.0,15-02-2024,1464.457982019722
27,2022.0,5.0,3.0,15-02-2024,1424.3561955727885
28,2022.0,5.0,4.0,15-02-2024,1445.7752169934095
29,2022.0,5.0,5.0,15-02-2024,1494.2601333424589
30,2022.0,5.0,6.0,15-02-2024,1535.8589017946445
31,2022.0,5.0,7.0,15-02-2024,1324.3626517799541
32,2022.0,5.0,8.0,15-02-2024,1136.4143779073086
33,2022.0,5.0,9.0,15-02-2024,1186.0142402061401
34,2022.0,5.0,10.0,15-02-2024,1300.6703328351884
35,2022.0,5.0,11.0,15-02-2024,1024.865820427086
36,2022.0,5.0,12.0,15-02-2024,997.6105705062361
37,2022.0,5.0,13.0,15-02-2024,1073.68397585451
38,2022.0,5.0,14.0,15-02-2024,1216.137717063315
39,2022.0,5.0,15.0,15-02-2024,1164.6106152996615
40,2022.0,5.0,16.0,15-02-2024,1159.8429397384627
41,2022.0,5.0,17.0,15-02-2024,1535.754326128903
42,2022.0,5.0,18.0,15-02-2024,1510.5284991688006
43,2022.0,5.0,19.0,15-02-2024,1252.6109377248224
44,2022.0,5.0,20.0,15-02-2024,1261.7469723575907
45,2022.0,5.0,21.0,15-02-2024,1220.1489070634307
46,2022.0,5.0,22.0,15-02-2024,1381.1156272846595
47,2022.0,5.0,23.0,15-02-2024,1218.8881437879193
48,2022.0,5.0,24.0,15-02-2024,1222.655181340341
49,2022.0,5.0,25.0,15-02-2024,1187.649130229598
50,2022.0,5.0,26.0,15-02-2024,1193.3285890937848
51,2022.0,5.0,27.0,15-02-2024,1540.1142193002906
52,2022.0,5.0,28.0,15-02-2024,1698.2238777908628
53,2022.0,5.0,29.0,15-02-2024,1632.5849583983234
54,2022.0,5.0,30.0,15-02-2024,1221.7755535293284
55,2022.0,5.0,31.0,15-02-2024,1643.026265759929
56,2022.0,6.0,1.0,15-02-2024,1506.1726915144466
57,2022.0,6.0,2.0,15-02-2024,1179.2267878773125
58,2022.0,6.0,3.0,15-02-2024,1475.8926319916607
59,2022.0,6.0,4.0,15-02-2024,1335.0349293053407
60,2022.0,6.0,5.0,15-02-2024,1277.8782852895436
61,2022.0,6.0,6.0,15-02-2024,1102.5965189843464
62,2022.0,6.0,7.0,15-02-2024,990.3038070976347
63,2022.0,6.0,8.0,15-02-2024,993.7575695437354
64,2022.0,6.0,9.0,15-02-2024,1066.7288163791275
65,2022.0,6.0,10.0,15-02-2024,1464.7873483349722
66,2022.0,6.0,11.0,15-02-2024,1208.0331993933005
67,2022.0,6.0,12.0,15-02-2024,1189.6939538029471
68,2022.0,6.0,13.0,15-02-2024,1193.1579587780893
69,2022.0,6.0,14.0,15-02-2024,994.5967088542017
70,2022.0,6.0,15.0,15-02-2024,1081.1545601064615
71,2022.0,6.0,16.0,15-02-2024,1055.3523991818543
72,2022.0,6.0,17.0,15-02-2024,1199.883065930783
73,2022.0,6.0,18.0,15-02-2024,1205.77902447848
74,2022.0,6.0,19.0,15-02-2024,1038.2559601644741
75,2022.0,6.0,20.0,15-02-2024,1012.1602028673148
76,2022.0,6.0,21.0,15-02-2024,975.8110576458114
77,2022.0,6.0,22.0,15-02-2024,1164.8509018756329
78,2022.0,6.0,23.0,15-02-2024,1176.4069088748206
79,2022.0,6.0,24.0,15-02-2024,1495.748342572594
80,2022.0,6.0,25.0,15-02-2024,1451.1204742147172
81,2022.0,6.0,26.0,15-02-2024,829.5779407797208
82,2022.0,6.0,27.0,15-02-2024,940.4868399900279
83,2022.0,6.0,28.0,15-02-2024,1295.8251302459364
84,2022.0,6.0,29.0,15-02-2024,1328.4086788151744
85,2022.0,6.0,30.0,15-02-2024,756.0812231310133
86,2022.0,7.0,1.0,15-02-2024,969.8474846723509
87,2022.0,7.0,2.0,15-02-2024,942.5677453442414
88,2022.0,7.0,3.0,15-02-2024,859.297337947851
89,2022.0,7.0,4.0,15-02-2024,843.2326564452433
90,2022.0,7.0,5.0,15-02-2024,890.1612150652813
91,2022.0,7.0,6.0,15-02-2024,923.7986426133821
92,2022.0,7.0,7.0,15-02-2024,983.8833760286774
93,2022.0,7.0,8.0,15-02-2024,1001.1192893976933
94,2022.0,7.0,9.0,15-02-2024,1194.5849652884779
95,2022.0,7.0,10.0,15-02-2024,1107.380553382756
96,2022.0,7.0,11.0,15-02-2024,1610.1424374003234
97,2022.0,7.0,12.0,15-02-2024,1309.900690069421
98,2022.0,7.0,13.0,15-02-2024,1270.4813585466543
99,2022.0,7.0,14.0,15-02-2024,1367.55143512547
100,2022.0,7.0,15.0,15-02-2024,1378.8769749178641
101,2022.0,7.0,16.0,15-02-2024,1476.1360055737932
102,2022.0,7.0,17.0,15-02-2024,1380.9848011358458
103,2022.0,7.0,18.0,15-02-2024,1486.8123885939785
104,2022.0,7.0,19.0,15-02-2024,1448.566497382984
105,2022.0,7.0,20.0,15-02-2024,1528.8861097395727
106,2022.0,7.0,21.0,15-02-2024,1752.3761169514767
107,2022.0,7.0,22.0,15-02-2024,1719.8374537824716
108,2022.0,7.0,23.0,15-02-2024,1558.1767851927773
109,2022.0,7.0,24.0,15-02-2024,1740.1385259320216
110,2022.0,7.0,25.0,15-02-2024,1558.8851682111738
111,2022.0,7.0,26.0,15-02-2024,1395.751377177474
112,2022.0,7.0,27.0,15-02-2024,1732.07624075771
113,2022.0,7.0,28.0,15-02-2024,1468.8001415082456
114,2022.0,7.0,29.0,15-02-2024,1637.7536069701705
115,2022.0,7.0,30.0,15-02-2024,1737.7177371399255
116,2022.0,7.0,31.0,15-02-2024,1403.9089306797848
117,2022.0,8.0,1.0,15-02-2024,1463.923773808857
118,2022.0,8.0,2.0,15-02-2024,1467.0205125856537
119,2022.0,8.0,3.0,15-02-2024,1562.1156411043494
120,2022.0,8.0,4.0,15-02-2024,1522.4648588636705
121,2022.0,8.0,5.0,15-02-2024,1479.5981201505308
122,2022.0,8.0,6.0,15-02-2024,1570.9180010585205
123,2022.0,8.0,7.0,15-02-2024,1574.8876080984821
124,2022.0,8.0,8.0,15-02-2024,1506.0249138905517
125,2022.0,8.0,9.0,15-02-2024,1581.8542293649705
126,2022.0,8.0,10.0,15-02-2024,1456.4608179082115
127,2022.0,8.0,11.0,15-02-2024,1703.1797114954798
128,2022.0,8.0,12.0,15-02-2024,1682.5166857858294
129,2022.0,8.0,13.0,15-02-2024,1695.662678649423
130,2022.0,8.0,14.0,15-02-2024,1695.2694795274492
131,2022.0,8.0,15.0,15-02-2024,1686.7513732951754
132,2022.0,8.0,16.0,15-02-2024,1476.836445500223
133,2022.0,8.0,17.0,15-02-2024,1276.6312678333693
134,2022.0,8.0,18.0,15-02-2024,1320.3715965415045
135,2022.0,8.0,19.0,15-02-2024,1502.199578616399
136,2022.0,8.0,20.0,15-02-2024,1459.8167812938066
137,2022.0,8.0,21.0,15-02-2024,1427.2660373460058
138,2022.0,8.0,22.0,15-02-2024,1408.79795917902
139,2022.0,8.0,23.0,15-02-2024,1527.1919706813173
140,2022.0,8.0,24.0,15-02-2024,1269.2294254416004
141,2022.0,8.0,25.0,15-02-2024,1472.0173682372542
142,2022.0,8.0,26.0,15-02-2024,1402.9510139258532
143,2022.0,8.0,27.0,15-02-2024,1358.6276072206745
144,2022.0,8.0,28.0,15-02-2024,1182.933795965886
145,2022.0,8.0,29.0,15-02-2024,918.3476209775357
146,2022.0,8.0,30.0,15-02-2024,914.2331283068804
147,2022.0,8.0,31.0,15-02-2024,891.3985087109606
148,2022.0,9.0,1.0,15-02-2024,1184.742912361225
149,2022.0,9.0,2.0,15-02-2024,1215.8979734958552
150,2022.0,9.0,3.0,15-02-2024,1093.4881767415825
151,2022.0,9.0,4.0,15-02-2024,898.1244934942811
152,2022.0,9.0,5.0,15-02-2024,950.2061120585746
153,2022.0,9.0,6.0,15-02-2024,1145.1527538414168
154,2022.0,9.0,7.0,15-02-2024,1082.543990761845
155,2022.0,9.0,8.0,15-02-2024,1143.0326419666483
156,2022.0,9.0,9.0,15-02-2024,1229.6141731734162
157,2022.0,9.0,10.0,15-02-2024,1403.817864876635
158,2022.0,9.0,11.0,15-02-2024,1237.2987967321292
159,2022.0,9.0,12.0,15-02-2024,1159.056919779604
160,2022.0,9.0,13.0,15-02-2024,1287.3707494496996
161,2022.0,9.0,14.0,15-02-2024,1290.2019702245502
162,2022.0,9.0,15.0,15-02-2024,1338.8621458974283
163,2022.0,9.0,16.0,15-02-2024,1246.8641678754316
164,2022.0,9.0,17.0,15-02-2024,1148.6108460914963
165,2022.0,9.0,18.0,15-02-2024,1150.207212096635
166,2022.0,9.0,19.0,15-02-2024,1237.0760872686415
167,2022.0,9.0,20.0,15-02-2024,1271.9648082625274
168,2022.0,9.0,21.0,15-02-2024,1264.413909335208
169,2022.0,9.0,22.0,15-02-2024,1262.010410245805
170,2022.0,9.0,23.0,15-02-2024,1371.0011900263514
171,2022.0,9.0,24.0,15-02-2024,1284.4282077888092
172,2022.0,9.0,25.0,15-02-2024,1122.3924673161393
173,2022.0,9.0,26.0,15-02-2024,1298.733020510373
174,2022.0,9.0,27.0,15-02-2024,1014.8487125205253
175,2022.0,9.0,28.0,15-02-2024,1135.4387050063988
176,2022.0,9.0,29.0,15-02-2024,1233.9112679047719
177,2022.0,9.0,30.0,15-02-2024,1256.8592049838633
178,2022.0,10.0,1.0,15-02-2024,1254.2121180184995
179,2022.0,10.0,2.0,15-02-2024,1378.6951104934712
180,2022.0,10.0,3.0,15-02-2024,1177.5413485179952
181,2022.0,10.0,4.0,15-02-2024,1298.2432873031075
182,2022.0,10.0,5.0,15-02-2024,1341.5561482568583
183,2022.0,10.0,6.0,15-02-2024,1367.4855004286437
184,2022.0,10.0,7.0,15-02-2024,1507.1795803965465
185,2022.0,10.0,8.0,15-02-2024,1415.1081632945018
186,2022.0,10.0,9.0,15-02-2024,1435.3309873118153
187,2022.0,10.0,10.0,15-02-2024,1395.7298134688476
188,2022.0,10.0,11.0,15-02-2024,1381.1187998491741
189,2022.0,10.0,12.0,15-02-2024,1363.8239274997527
190,2022.0,10.0,13.0,15-02-2024,1399.1770213704528
191,2022.0,10.0,14.0,15-02-2024,1450.0838794193985
192,2022.0,10.0,15.0,15-02-2024,1427.3578495967804
193,2022.0,10.0,16.0,15-02-2024,1391.8821767963282
194,2022.0,10.0,17.0,15-02-2024,1418.8405524080993
195,2022.0,10.0,18.0,15-02-2024,1285.8931224051446
196,2022.0,10.0,19.0,15-02-2024,1498.4375861418728
197,2022.0,10.0,20.0,15-02-2024,1423.7518237868908
198,2022.0,10.0,21.0,15-02-2024,1539.5354903115542
199,2022.0,10.0,22.0,15-02-2024,1612.1260639891634
200,2022.0,10.0,23.0,15-02-2024,1632.7246797280077
201,2022.0,10.0,24.0,15-02-2024,1581.167029223141
202,2022.0,10.0,25.0,15-02-2024,1582.94775737857
203,2022.0,10.0,26.0,15-02-2024,1726.2954151092517
204,2022.0,10.0,27.0,15-02-2024,1531.1876510846587
205,2022.0,10.0,28.0,15-02-2024,1331.731946970245
206,2022.0,10.0,29.0,15-02-2024,1464.03751092091
207,2022.0,10.0,30.0,15-02-2024,1435.352078103659
208,2022.0,10.0,31.0,15-02-2024,1523.8267916406576
209,2022.0,11.0,1.0,15-02-2024,1708.4318416467913
210,2022.0,11.0,2.0,15-02-2024,1652.441199849784
211,2022.0,11.0,3.0,15-02-2024,1691.6912008017496
212,2022.0,11.0,4.0,15-02-2024,1641.0761350794771
213,2022.0,11.0,5.0,15-02-2024,1531.85229590277
214,2022.0,11.0,6.0,15-02-2024,1333.398170026477
215,2022.0,11.0,7.0,15-02-2024,1374.9023769919472
216,2022.0,11.0,8.0,15-02-2024,1409.7231069316697
217,2022.0,11.0,9.0,15-02-2024,1377.6455431642312
218,2022.0,11.0,10.0,15-02-2024,1435.976803215061
219,2022.0,11.0,11.0,15-02-2024,1499.6944984346367
220,2022.0,11.0,12.0,15-02-2024,1281.138090591224
221,2022.0,11.0,13.0,15-02-2024,1301.7901887001237
222,2022.0,11.0,14.0,15-02-2024,1328.769875547893
223,2022.0,11.0,15.0,15-02-2024,1220.3464704474109
224,2022.0,11.0,16.0,15-02-2024,1342.2423450781778
225,2022.0,11.0,17.0,15-02-2024,1406.998199312682
226,2022.0,11.0,18.0,15-02-2024,1419.1693870550605
227,2022.0,11.0,19.0,15-02-2024,1338.0961982300805
228,2022.0,11.0,20.0,15-02-2024,1337.6866102692297
229,2022.0,11.0,21.0,15-02-2024,1431.8726123102917
230,2022.0,11.0,22.0,15-02-2024,1307.2682422998632
231,2022.0,11.0,23.0,15-02-2024,1477.467048807619
232,2022.0,11.0,24.0,15-02-2024,1422.0060124149495
233,2022.0,11.0,25.0,15-02-2024,1605.8988112564723
234,2022.0,11.0,26.0,15-02-2024,1445.4474391595072
235,2022.0,11.0,27.0,15-02-2024,1467.9836706897372
236,2022.0,11.0,28.0,15-02-2024,1445.7895021539389
237,2022.0,11.0,29.0,15-02-2024,1481.6476286888667
238,2022.0,11.0,30.0,15-02-2024,1358.408641811398
239,2022.0,12.0,1.0,15-02-2024,1334.3732833405672
240,2022.0,12.0,2.0,15-02-2024,1301.0381398655509
241,2022.0,12.0,3.0,15-02-2024,1407.1334946337613
242,2022.0,12.0,4.0,15-02-2024,1502.121907469939
243,2022.0,12.0,5.0,15-02-2024,1511.0099974643695
244,2022.0,12.0,6.0,15-02-2024,1435.1124688512311
245,2022.0,12.0,7.0,15-02-2024,1477.0812060683252
246,2022.0,12.0,8.0,15-02-2024,1534.265301560795
247,2022.0,12.0,9.0,15-02-2024,1485.123287262874
248,2022.0,12.0,10.0,15-02-2024,1513.4533264543466
249,2022.0,12.0,11.0,15-02-2024,1339.3713884637095
250,2022.0,12.0,12.0,15-02-2024,1201.4730730745175
251,2022.0,12.0,13.0,15-02-2024,1103.6404617757894
252,2022.0,12.0,14.0,15-02-2024,1111.224144177333
253,2022.0,12.0,15.0,15-02-2024,1135.6205661106674
254,2022.0,12.0,16.0,15-02-2024,1312.8086312257715
255,2022.0,12.0,17.0,15-02-2024,1498.2830679495892
256,2022.0,12.0,18.0,15-02-2024,1218.582297198925
257,2022.0,12.0,19.0,15-02-2024,1321.1260658325104
258,2022.0,12.0,20.0,15-02-2024,1242.6419024926474
259,2022.0,12.0,21.0,15-02-2024,1172.1503078702951
260,2022.0,12.0,22.0,15-02-2024,998.4114507398641
261,2022.0,12.0,23.0,15-02-2024,1049.327677062735
262,2022.0,12.0,24.0,15-02-2024,1142.1103079071547
263,2022.0,12.0,25.0,15-02-2024,1178.281196401744
264,2022.0,12.0,26.0,15-02-2024,1357.2270625703134
265,2022.0,12.0,27.0,15-02-2024,1378.2711420842222
266,2022.0,12.0,28.0,15-02-2024,1465.7061295544117
267,2022.0,12.0,29.0,15-02-2024,1604.3997230216412
268,2022.0,12.0,30.0,15-02-2024,1544.401786161875
269,2022.0,12.0,31.0,15-02-2024,1604.602825273239
270,2023.0,1.0,1.0,15-02-2024,1662.253982021334
271,2023.0,1.0,2.0,15-02-2024,1754.080511931258
272,2023.0,1.0,3.0,15-02-2024,1707.4877968842889
273,2023.0,1.0,4.0,15-02-2024,1624.9869604342691
274,2023.0,1.0,5.0,15-02-2024,1627.2414112688168
275,2023.0,1.0,6.0,15-02-2024,1612.8431425473957
276,2023.0,1.0,7.0,15-02-2024,1314.1852232390638
277,2023.0,1.0,8.0,15-02-2024,1161.9711052269645
278,2023.0,1.0,9.0,15-02-2024,1080.538525376347
279,2023.0,1.0,10.0,15-02-2024,1212.0110218200682
280,2023.0,1.0,11.0,15-02-2024,1239.738285607062
281,2023.0,1.0,12.0,15-02-2024,1179.7653546587937
282,2023.0,1.0,13.0,15-02-2024,1257.2461585536994
283,2023.0,1.0,14.0,15-02-2024,1214.6678438614244
284,2023.0,1.0,15.0,15-02-2024,1197.7572095469777
285,2023.0,1.0,16.0,15-02-2024,1227.8653717517877
286,2023.0,1.0,17.0,15-02-2024,1152.6021733093628
287,2023.0,1.0,18.0,15-02-2024,1190.4008035034599
288,2023.0,1.0,19.0,15-02-2024,1189.6603842383797
289,2023.0,1.0,20.0,15-02-2024,1198.066059906192
290,2023.0,1.0,21.0,15-02-2024,1148.8942272886998
291,2023.0,1.0,22.0,15-02-2024,1191.4437010450977
292,2023.0,1.0,23.0,15-02-2024,1236.160301981695
293,2023.0,1.0,24.0,15-02-2024,1409.4289764142707
294,2023.0,1.0,25.0,15-02-2024,1271.8826528357113
295,2023.0,1.0,26.0,15-02-2024,1344.111487698085
296,2023.0,1.0,27.0,15-02-2024,1320.3278433991516
297,2023.0,1.0,28.0,15-02-2024,1449.291218670036
298,2023.0,1.0,29.0,15-02-2024,1434.3419521672747
299,2023.0,1.0,30.0,15-02-2024,1406.3843562030338
300,2023.0,1.0,31.0,15-02-2024,1385.817475384465
301,2023.0,2.0,1.0,15-02-2024,1320.1739918263013
302,2023.0,2.0,2.0,15-02-2024,1406.0856592674363
303,2023.0,2.0,3.0,15-02-2024,1393.382596368882
304,2023.0,2.0,4.0,15-02-2024,1515.11640289015
305,2023.0,2.0,5.0,15-02-2024,1269.0645086297652
306,2023.0,2.0,6.0,15-02-2024,1400.5192117442652
307,2023.0,2.0,7.0,15-02-2024,1407.542962114717
308,2023.0,2.0,8.0,15-02-2024,1452.5611637809895
309,2023.0,2.0,9.0,15-02-2024,1438.9210315846788
310,2023.0,2.0,10.0,15-02-2024,1497.672957780103
311,2023.0,2.0,11.0,15-02-2024,1596.8949716778625
312,2023.0,2.0,12.0,15-02-2024,1550.7947555480287
313,2023.0,2.0,13.0,15-02-2024,1749.242330506742
314,2023.0,2.0,14.0,15-02-2024,1675.9714178336333
315,2023.0,2.0,15.0,15-02-2024,1714.6375246198095
316,2023.0,2.0,16.0,15-02-2024,1639.7399962353197
317,2023.0,2.0,17.0,15-02-2024,1656.6496275170896
318,2023.0,2.0,18.0,15-02-2024,1642.1861677968177
319,2023.0,2.0,19.0,15-02-2024,1655.571851612608
320,2023.0,2.0,20.0,15-02-2024,1562.4717205971924
321,2023.0,2.0,21.0,15-02-2024,1554.3285278598019
322,2023.0,2.0,22.0,15-02-2024,1474.1938947179042
323,2023.0,2.0,23.0,15-02-2024,1565.3533675065005
324,2023.0,2.0,24.0,15-02-2024,1375.6143043248005
325,2023.0,2.0,25.0,15-02-2024,1262.839737870748
326,2023.0,2.0,26.0,15-02-2024,1142.7643790106888
327,2023.0,2.0,27.0,15-02-2024,1413.7419064476512
328,2023.0,2.0,28.0,15-02-2024,1085.949965062926
329,2023.0,3.0,1.0,15-02-2024,1241.2716646726308
330,2023.0,3.0,2.0,15-02-2024,1463.4937886353166
331,2023.0,3.0,3.0,15-02-2024,1452.2239945407466
332,2023.0,3.0,4.0,15-02-2024,1602.9137369849414
333,2023.0,3.0,5.0,15-02-2024,1556.5307011811074
334,2023.0,3.0,6.0,15-02-2024,1596.4922951383294
335,2023.0,3.0,7.0,15-02-2024,1530.4206458749945
336,2023.0,3.0,8.0,15-02-2024,1543.6262318749027
337,2023.0,3.0,9.0,15-02-2024,1591.823263412882
338,2023.0,3.0,10.0,15-02-2024,1546.7549163822644
339,2023.0,3.0,11.0,15-02-2024,1433.4605438274564
340,2023.0,3.0,12.0,15-02-2024,1381.289340094189
341,2023.0,3.0,13.0,15-02-2024,1390.3668990639658
342,2023.0,3.0,14.0,15-02-2024,1505.4647282188005
343,2023.0,3.0,15.0,15-02-2024,1517.385374649317
344,2023.0,3.0,16.0,15-02-2024,1424.0958613226637
345,2023.0,3.0,17.0,15-02-2024,1492.7605202263765
346,2023.0,3.0,18.0,15-02-2024,1618.9677288597265
347,2023.0,3.0,19.0,15-02-2024,1448.5272945810239
348,2023.0,3.0,20.0,15-02-2024,1425.8435507760066
349,2023.0,3.0,21.0,15-02-2024,1467.6197858852906
350,2023.0,3.0,22.0,15-02-2024,1480.6316551828115
351,2023.0,3.0,23.0,15-02-2024,1395.6351521415731
352,2023.0,3.0,24.0,15-02-2024,1395.618303754628
353,2023.0,3.0,25.0,15-02-2024,1437.378031034924
354,2023.0,3.0,26.0,15-02-2024,1220.5307313297228
355,2023.0,3.0,27.0,15-02-2024,1144.270576904287
356,2023.0,3.0,28.0,15-02-2024,1150.6684558493114
357,2023.0,3.0,29.0,15-02-2024,1056.866708439216
358,2023.0,3.0,30.0,15-02-2024,1085.0561890586598
359,2023.0,3.0,31.0,15-02-2024,923.0448596798552
360,2023.0,4.0,1.0,15-02-2024,1350.02996071831
361,2023.0,4.0,2.0,15-02-2024,1387.0846078287755
362,2023.0,4.0,3.0,15-02-2024,1453.9291198579508
363,2023.0,4.0,4.0,15-02-2024,1564.8342756202014
364,2023.0,4.0,5.0,15-02-2024,1658.671711205189
365,2023.0,4.0,6.0,15-02-2024,1804.7253088529478
366,2023.0,4.0,7.0,15-02-2024,1882.6738029245744
367,2023.0,4.0,8.0,15-02-2024,2000.0
368,2023.0,4.0,9.0,15-02-2024,1958.2331395171066
369,2023.0,4.0,10.0,15-02-2024,1943.6033570039497
370,2023.0,4.0,11.0,15-02-2024,1843.7951986983123
371,2023.0,4.0,12.0,15-02-2024,1791.4469590452368
372,2023.0,4.0,13.0,15-02-2024,1690.4650135128952
373,2023.0,4.0,14.0,15-02-2024,1560.6140385169479
374,2023.0,4.0,15.0,15-02-2024,1463.9465130756398
375,2023.0,4.0,16.0,15-02-2024,1411.5227633803577
376,2023.0,4.0,17.0,15-02-2024,1549.4018853960342
377,2023.0,4.0,18.0,15-02-2024,1443.500401768905
378,2023.0,4.0,19.0,15-02-2024,1326.7916475435266
379,2023.0,4.0,20.0,15-02-2024,1486.4798851127864
380,2023.0,4.0,21.0,15-02-2024,1550.4629388056399
381,2023.0,4.0,22.0,15-02-2024,1419.0078895270638
382,2023.0,4.0,23.0,15-02-2024,1488.9766813243814
383,2023.0,4.0,24.0,15-02-2024,1409.730872688769
384,2023.0,4.0,25.0,15-02-2024,1333.3505683739788
385,2023.0,4.0,26.0,15-02-2024,1407.6066027447741
386,2023.0,4.0,27.0,15-02-2024,1369.8848261084056
387,2023.0,4.0,28.0,15-02-2024,1529.9904269458705
388,2023.0,4.0,29.0,15-02-2024,1652.2245620250999
389,2023.0,4.0,30.0,15-02-2024,1661.7206122838388
390,2023.0,5.0,1.0,15-02-2024,1520.4008770072253
391,2023.0,5.0,2.0,15-02-2024,1480.8737220337762
392,2023.0,5.0,3.0,15-02-2024,1315.4895749466473
393,2023.0,5.0,4.0,15-02-2024,1349.5533642343069
394,2023.0,5.0,5.0,15-02-2024,1364.0492333707764
395,2023.0,5.0,6.0,15-02-2024,1388.8347051435846
396,2023.0,5.0,7.0,15-02-2024,1268.883310840311
397,2023.0,5.0,8.0,15-02-2024,1424.9681749316594
398,2023.0,5.0,9.0,15-02-2024,1385.381765063982
399,2023.0,5.0,10.0,15-02-2024,1360.056942886151
400,2023.0,5.0,11.0,15-02-2024,1398.1685553066543
401,2023.0,5.0,12.0,15-02-2024,1458.1181499699226
402,2023.0,5.0,13.0,15-02-2024,1536.7506322508318
403,2023.0,5.0,14.0,15-02-2024,1403.7327272426787
404,2023.0,5.0,15.0,15-02-2024,1370.2511652196965
405,2023.0,5.0,16.0,15-02-2024,1350.4692462786766
406,2023.0,5.0,17.0,15-02-2024,1297.3882724416285
407,2023.0,5.0,18.0,15-02-2024,1326.6870732018563
408,2023.0,5.0,19.0,15-02-2024,1191.7769339361253
409,2023.0,5.0,20.0,15-02-2024,1233.8241356294523
410,2023.0,5.0,21.0,15-02-2024,1150.7476805549263
411,2023.0,5.0,22.0,15-02-2024,1423.955982059683
412,2023.0,5.0,23.0,15-02-2024,1106.4347150296574
413,2023.0,5.0,24.0,15-02-2024,1021.810889290687
414,2023.0,5.0,25.0,15-02-2024,1085.597929068869
415,2023.0,5.0,26.0,15-02-2024,1214.1794284863054
416,2023.0,5.0,27.0,15-02-2024,1233.050434197916
417,2023.0,5.0,28.0,15-02-2024,1276.088753011452
418,2023.0,5.0,29.0,15-02-2024,1424.280041818372
419,2023.0,5.0,30.0,15-02-2024,1141.7345588661665
420,2023.0,5.0,31.0,15-02-2024,1200.8828837335345
421,2023.0,6.0,1.0,15-02-2024,1448.635272417187
422,2023.0,6.0,2.0,15-02-2024,1304.2196069479212
423,2023.0,6.0,3.0,15-02-2024,1437.101421843351
424,2023.0,6.0,4.0,15-02-2024,1205.9558943482084
425,2023.0,6.0,5.0,15-02-2024,1425.5635426218394
426,2023.0,6.0,6.0,15-02-2024,1275.4606182820858
427,2023.0,6.0,7.0,15-02-2024,1265.387712406786
428,2023.0,6.0,8.0,15-02-2024,1099.886956135347
429,2023.0,6.0,9.0,15-02-2024,962.646561052192
430,2023.0,6.0,10.0,15-02-2024,987.9130728498678
431,2023.0,6.0,11.0,15-02-2024,885.3969411087174
432,2023.0,6.0,12.0,15-02-2024,802.6906025030594
433,2023.0,6.0,13.0,15-02-2024,833.1953244122604
434,2023.0,6.0,14.0,15-02-2024,900.2887707160791
435,2023.0,6.0,15.0,15-02-2024,845.311046395833
436,2023.0,6.0,16.0,15-02-2024,1264.8000791461402
437,2023.0,6.0,17.0,15-02-2024,1565.0126622080318
438,2023.0,6.0,18.0,15-02-2024,1216.492386723118
439,2023.0,6.0,19.0,15-02-2024,1320.7811143081713
440,2023.0,6.0,20.0,15-02-2024,1237.9767707674541
441,2023.0,6.0,21.0,15-02-2024,1065.8670828934771
442,2023.0,6.0,22.0,15-02-2024,1044.8822576474693
443,2023.0,6.0,23.0,15-02-2024,1357.6422317086633
444,2023.0,6.0,24.0,15-02-2024,1191.7619984373011
445,2023.0,6.0,25.0,15-02-2024,1475.561257758476
446,2023.0,6.0,26.0,15-02-2024,1025.4201598343784
447,2023.0,6.0,27.0,15-02-2024,1010.3157345019703
448,2023.0,6.0,28.0,15-02-2024,926.5398550540405
449,2023.0,6.0,29.0,15-02-2024,1023.3598321265357
450,2023.0,6.0,30.0,15-02-2024,1381.9488653426467
451,2023.0,7.0,1.0,15-02-2024,1305.7017064438107
452,2023.0,7.0,2.0,15-02-2024,1197.26081283399
453,2023.0,7.0,3.0,15-02-2024,1052.811390520122
454,2023.0,7.0,4.0,15-02-2024,1174.7909282871235
455,2023.0,7.0,5.0,15-02-2024,1145.3104896229963
456,2023.0,7.0,6.0,15-02-2024,1226.2899455898505
457,2023.0,7.0,7.0,15-02-2024,1300.0684623484071
458,2023.0,7.0,8.0,15-02-2024,1314.9753816377786
459,2023.0,7.0,9.0,15-02-2024,1218.8776601781076
460,2023.0,7.0,10.0,15-02-2024,1250.4130074720385
461,2023.0,7.0,11.0,15-02-2024,1156.0813467339324
462,2023.0,7.0,12.0,15-02-2024,1280.6081560118178
463,2023.0,7.0,13.0,15-02-2024,1537.1985539083269
464,2023.0,7.0,14.0,15-02-2024,1346.2041977272522
465,2023.0,7.0,15.0,15-02-2024,1499.2712171864362
466,2023.0,7.0,16.0,15-02-2024,1447.9383157857214
467,2023.0,7.0,17.0,15-02-2024,1513.2720054430056
468,2023.0,7.0,18.0,15-02-2024,1560.0293174511278
469,2023.0,7.0,19.0,15-02-2024,1588.0956936145576
470,2023.0,7.0,20.0,15-02-2024,1547.706798446612
471,2023.0,7.0,21.0,15-02-2024,1610.6030030770137
472,2023.0,7.0,22.0,15-02-2024,1563.6713941764117
473,2023.0,7.0,23.0,15-02-2024,1416.3349201041299
474,2023.0,7.0,24.0,15-02-2024,1371.3974585725164
475,2023.0,7.0,25.0,15-02-2024,1404.9376178591297
476,2023.0,7.0,26.0,15-02-2024,1409.070147220377
477,2023.0,7.0,27.0,15-02-2024,1656.0504720165561
478,2023.0,7.0,28.0,15-02-2024,1476.7684904291768
479,2023.0,7.0,29.0,15-02-2024,1376.6534585131762
480,2023.0,7.0,30.0,15-02-2024,1150.136367152062
481,2023.0,7.0,31.0,15-02-2024,1300.8862617680957
482,2023.0,8.0,1.0,15-02-2024,1391.547260156413
483,2023.0,8.0,2.0,15-02-2024,1421.2917497239387
484,2023.0,8.0,3.0,15-02-2024,1386.483724395609
485,2023.0,8.0,4.0,15-02-2024,1546.1287680041667
486,2023.0,8.0,5.0,15-02-2024,1638.8240644466327
487,2023.0,8.0,6.0,15-02-2024,1474.4489058548359
488,2023.0,8.0,7.0,15-02-2024,1511.0438020273882
489,2023.0,8.0,8.0,15-02-2024,1525.4376525484074
490,2023.0,8.0,9.0,15-02-2024,1471.9264890864335
491,2023.0,8.0,10.0,15-02-2024,1512.7013636232011
492,2023.0,8.0,11.0,15-02-2024,1691.1948508345583
493,2023.0,8.0,12.0,15-02-2024,1778.1578800696586
494,2023.0,8.0,13.0,15-02-2024,1634.6631864618917
495,2023.0,8.0,14.0,15-02-2024,1698.4761093031686
496,2023.0,8.0,15.0,15-02-2024,1547.5911004455993
497,2023.0,8.0,16.0,15-02-2024,1538.6042140580062
498,2023.0,8.0,17.0,15-02-2024,1331.7574004459912
499,2023.0,8.0,18.0,15-02-2024,1568.244158474489
500,2023.0,8.0,19.0,15-02-2024,1388.029580713998
501,2023.0,8.0,20.0,15-02-2024,1431.2873791627444
502,2023.0,8.0,21.0,15-02-2024,1547.364753094703
503,2023.0,8.0,22.0,15-02-2024,1337.924770842442
504,2023.0,8.0,23.0,15-02-2024,1494.9349337051744
505,2023.0,8.0,24.0,15-02-2024,1355.5352220802013
506,2023.0,8.0,25.0,15-02-2024,1525.3091223650172
507,2023.0,8.0,26.0,15-02-2024,1617.8187545614135
508,2023.0,8.0,27.0,15-02-2024,1530.3673149473104
509,2023.0,8.0,28.0,15-02-2024,1492.8405718354898
510,2023.0,8.0,29.0,15-02-2024,1505.367861157345
511,2023.0,8.0,30.0,15-02-2024,1364.0007482402352
512,2023.0,8.0,31.0,15-02-2024,1225.760357054672
513,2023.0,9.0,1.0,15-02-2024,1542.425876527048
514,2023.0,9.0,2.0,15-02-2024,1288.684524594299
515,2023.0,9.0,3.0,15-02-2024,1038.0137433859895
516,2023.0,9.0,4.0,15-02-2024,1058.4132324790712
517,2023.0,9.0,5.0,15-02-2024,1122.4863075016397
518,2023.0,9.0,6.0,15-02-2024,1153.233222838062
519,2023.0,9.0,7.0,15-02-2024,1275.5165669285004
520,2023.0,9.0,8.0,15-02-2024,1323.6364604846729
521,2023.0,9.0,9.0,15-02-2024,1377.343149148554
522,2023.0,9.0,10.0,15-02-2024,1299.925807670319
523,2023.0,9.0,11.0,15-02-2024,1368.2903832852817
524,2023.0,9.0,12.0,15-02-2024,1348.39325725012
525,2023.0,9.0,13.0,15-02-2024,1393.735622832645
526,2023.0,9.0,14.0,15-02-2024,1389.5033740742517
527,2023.0,9.0,15.0,15-02-2024,1404.326855459687
528,2023.0,9.0,16.0,15-02-2024,1364.7876413276879
529,2023.0,9.0,17.0,15-02-2024,1292.826582869553
530,2023.0,9.0,18.0,15-02-2024,1182.099110261883
531,2023.0,9.0,19.0,15-02-2024,1237.2768431690783
532,2023.0,9.0,20.0,15-02-2024,1362.5838795974448
533,2023.0,9.0,21.0,15-02-2024,1287.658115386525
534,2023.0,9.0,22.0,15-02-2024,1263.5320492383921
535,2023.0,9.0,23.0,15-02-2024,1258.1220712442762
536,2023.0,9.0,24.0,15-02-2024,1269.2371233124334
537,2023.0,9.0,25.0,15-02-2024,1274.6011018708955
538,2023.0,9.0,26.0,15-02-2024,1195.9240394837448
539,2023.0,9.0,27.0,15-02-2024,1210.9421592547674
540,2023.0,9.0,28.0,15-02-2024,1276.0785071355197
541,2023.0,9.0,29.0,15-02-2024,1328.7507051781522
542,2023.0,9.0,30.0,15-02-2024,1382.4850054973683
543,2023.0,10.0,1.0,15-02-2024,1293.7082025620696
544,2023.0,10.0,2.0,15-02-2024,1277.0167926473787
545,2023.0,10.0,3.0,15-02-2024,1321.585115439705
546,2023.0,10.0,4.0,15-02-2024,1282.4379764642872
547,2023.0,10.0,5.0,15-02-2024,1419.547277700025
548,2023.0,10.0,6.0,15-02-2024,1473.862756308455
549,2023.0,10.0,7.0,15-02-2024,1441.1096030702038
550,2023.0,10.0,8.0,15-02-2024,1327.3392895065379
551,2023.0,10.0,9.0,15-02-2024,1380.5900053460434
552,2023.0,10.0,10.0,15-02-2024,1356.6622089763318
553,2023.0,10.0,11.0,15-02-2024,1327.4047857141989
554,2023.0,10.0,12.0,15-02-2024,1447.2310462974895
555,2023.0,10.0,13.0,15-02-2024,1497.701482665795
556,2023.0,10.0,14.0,15-02-2024,1488.8851488025996
557,2023.0,10.0,15.0,15-02-2024,1318.7310254460288
558,2023.0,10.0,16.0,15-02-2024,1365.9466119926271
559,2023.0,10.0,17.0,15-02-2024,1210.830994775776
560,2023.0,10.0,18.0,15-02-2024,1232.317463673717
561,2023.0,10.0,19.0,15-02-2024,1319.1956937689845
562,2023.0,10.0,20.0,15-02-2024,1537.5518269708018
563,2023.0,10.0,21.0,15-02-2024,1639.1302375555706
564,2023.0,10.0,22.0,15-02-2024,1749.3351400913054
565,2023.0,10.0,23.0,15-02-2024,1682.1879334051796
566,2023.0,10.0,24.0,15-02-2024,1743.7801664124484
567,2023.0,10.0,25.0,15-02-2024,1707.4020629714926
568,2023.0,10.0,26.0,15-02-2024,1772.2748472413318
569,2023.0,10.0,27.0,15-02-2024,1763.8589644883557
570,2023.0,10.0,28.0,15-02-2024,1701.801518887567
571,2023.0,10.0,29.0,15-02-2024,1815.5617865041022
572,2023.0,10.0,30.0,15-02-2024,1729.0808428209505
573,2023.0,10.0,31.0,15-02-2024,1732.192966482128
574,2023.0,11.0,1.0,15-02-2024,1716.5148517292628
575,2023.0,11.0,2.0,15-02-2024,1710.8302147277132
576,2023.0,11.0,3.0,15-02-2024,1696.2576361598517
577,2023.0,11.0,4.0,15-02-2024,1557.7269206244557
578,2023.0,11.0,5.0,15-02-2024,1326.6579810166863
579,2023.0,11.0,6.0,15-02-2024,1341.8928412848913
580,2023.0,11.0,7.0,15-02-2024,1291.5333411533188
581,2023.0,11.0,8.0,15-02-2024,1381.2155055598237
582,2023.0,11.0,9.0,15-02-2024,1402.4039614523415
583,2023.0,11.0,10.0,15-02-2024,1400.7094877695447
584,2023.0,11.0,11.0,15-02-2024,1413.8782982029938
585,2023.0,11.0,12.0,15-02-2024,1458.5937437657285
586,2023.0,11.0,13.0,15-02-2024,1457.759422480577
587,2023.0,11.0,14.0,15-02-2024,1512.642810573255
588,2023.0,11.0,15.0,15-02-2024,1522.361153137992
589,2023.0,11.0,16.0,15-02-2024,1492.4702331244525
590,2023.0,11.0,17.0,15-02-2024,1588.7292990695205
591,2023.0,11.0,18.0,15-02-2024,1524.6053037661304
592,2023.0,11.0,19.0,15-02-2024,1518.3670546553494
593,2023.0,11.0,20.0,15-02-2024,1505.213943565347
594,2023.0,11.0,21.0,15-02-2024,1436.817999643774
595,2023.0,11.0,22.0,15-02-2024,1388.5551358899854
596,2023.0,11.0,23.0,15-02-2024,1428.7691721433143
597,2023.0,11.0,24.0,15-02-2024,1487.9373267160354
598,2023.0,11.0,25.0,15-02-2024,1376.2251232218143
599,2023.0,11.0,26.0,15-02-2024,1398.096244986801
600,2023.0,11.0,27.0,15-02-2024,1271.433342854185
601,2023.0,11.0,28.0,15-02-2024,1291.1160598207964
602,2023.0,11.0,29.0,15-02-2024,1268.8815774913762
603,2023.0,11.0,30.0,15-02-2024,1252.9156416047324
604,2023.0,12.0,1.0,15-02-2024,1247.5958964891488
605,2023.0,12.0,2.0,15-02-2024,1364.0145611406522
606,2023.0,12.0,3.0,15-02-2024,1358.8326956087922
607,2023.0,12.0,4.0,15-02-2024,1302.7248914629117
608,2023.0,12.0,5.0,15-02-2024,1347.2197725599403
609,2023.0,12.0,6.0,15-02-2024,1428.851487389299
610,2023.0,12.0,7.0,15-02-2024,1465.8074737116203
611,2023.0,12.0,8.0,15-02-2024,1416.4064504370615
612,2023.0,12.0,9.0,15-02-2024,1305.1007408628682
613,2023.0,12.0,10.0,15-02-2024,1189.7298903224516
614,2023.0,12.0,11.0,15-02-2024,1221.5845353670968
615,2023.0,12.0,12.0,15-02-2024,1123.70558291042
616,2023.0,12.0,13.0,15-02-2024,1179.0508003459456
617,2023.0,12.0,14.0,15-02-2024,1290.4397844610069
618,2023.0,12.0,15.0,15-02-2024,1216.4580406489931
619,2023.0,12.0,16.0,15-02-2024,1239.5781220046604
620,2023.0,12.0,17.0,15-02-2024,1223.462357247075
621,2023.0,12.0,18.0,15-02-2024,1123.2922229250842
622,2023.0,12.0,19.0,15-02-2024,1215.831211132462
623,2023.0,12.0,20.0,15-02-2024,1057.5948682236158
624,2023.0,12.0,21.0,15-02-2024,1136.8925641052003
625,2023.0,12.0,22.0,15-02-2024,1194.3228635520315
626,2023.0,12.0,23.0,15-02-2024,1277.4988793245923
627,2023.0,12.0,24.0,15-02-2024,1408.6155037995113
628,2023.0,12.0,25.0,15-02-2024,1311.3418792329292
629,2023.0,12.0,26.0,15-02-2024,1273.635686729472
630,2023.0,12.0,27.0,15-02-2024,1345.3666826389665
631,2023.0,12.0,28.0,15-02-2024,1574.9229161216938
632,2023.0,12.0,29.0,15-02-2024,1542.8110295791862
633,2023.0,12.0,30.0,15-02-2024,1549.390739669749
634,2023.0,12.0,31.0,15-02-2024,1442.0398675375905
635,2024.0,1.0,1.0,15-02-2024,1529.2657608950049
636,2024.0,1.0,2.0,15-02-2024,1476.2826070126564
637,2024.0,1.0,3.0,15-02-2024,1431.9245914707828
638,2024.0,1.0,4.0,15-02-2024,1492.1920089434154
639,2024.0,1.0,5.0,15-02-2024,1468.9605422143945
640,2024.0,1.0,6.0,15-02-2024,1366.3395200474702
641,2024.0,1.0,7.0,15-02-2024,1300.1562383344065
642,2024.0,1.0,8.0,15-02-2024,1354.7608046329124
643,2024.0,1.0,9.0,15-02-2024,1283.302279162176
644,2024.0,1.0,10.0,15-02-2024,1268.277966755114
645,2024.0,1.0,11.0,15-02-2024,1324.7455487998013
646,2024.0,1.0,12.0,15-02-2024,1304.3591052394006
647,2024.0,1.0,13.0,15-02-2024,1218.4630926625025
648,2024.0,1.0,14.0,15-02-2024,1253.6865044673877
649,2024.0,1.0,15.0,15-02-2024,1340.4280483187454
650,2024.0,1.0,16.0,15-02-2024,1329.1390134514663
651,2024.0,1.0,17.0,15-02-2024,1280.9542576029419
652,2024.0,1.0,18.0,15-02-2024,1339.4305629433916
653,2024.0,1.0,19.0,15-02-2024,1340.1991669519318
654,2024.0,1.0,20.0,15-02-2024,1430.2679479153721
655,2024.0,1.0,21.0,15-02-2024,1419.29600459897
656,2024.0,1.0,22.0,15-02-2024,1419.4827115368207
657,2024.0,1.0,23.0,15-02-2024,1350.5914478854504
658,2024.0,1.0,24.0,15-02-2024,1403.7144109115407
659,2024.0,1.0,25.0,15-02-2024,1408.0920541912812
660,2024.0,1.0,26.0,15-02-2024,1374.8986477073752
661,2024.0,1.0,27.0,15-02-2024,1353.1717291184077
662,2024.0,1.0,28.0,15-02-2024,1411.3722134331974
663,2024.0,1.0,29.0,15-02-2024,1447.3139643237866
664,2024.0,1.0,30.0,15-02-2024,1356.0644382742214
665,2024.0,1.0,31.0,15-02-2024,1389.464961345427
666,2024.0,2.0,1.0,15-02-2024,1349.7008252921141
667,2024.0,2.0,2.0,15-02-2024,1328.9150853274448
668,2024.0,2.0,3.0,15-02-2024,1268.7523148215691
669,2024.0,2.0,4.0,15-02-2024,1339.0489035736734
670,2024.0,2.0,5.0,15-02-2024,1296.8543084569712
671,2024.0,2.0,6.0,15-02-2024,1162.1627349841538
672,2024.0,2.0,7.0,15-02-2024,1191.63217502728
673,2024.0,2.0,8.0,15-02-2024,1331.0657940773299
674,2024.0,2.0,9.0,15-02-2024,1490.9256439780956
675,2024.0,2.0,10.0,15-02-2024,1482.996783366372
676,2024.0,2.0,11.0,15-02-2024,1497.6834320050455
677,2024.0,2.0,12.0,15-02-2024,1629.252020009328
678,2024.0,2.0,13.0,15-02-2024,1637.056473431838
679,2024.0,2.0,14.0,15-02-2024,1545.2686418864052
680,2024.0,2.0,15.0,15-02-2024,1516.448191677058
681,2024.0,2.0,16.0,15-02-2024,1540.1691296009772
682,2024.0,2.0,17.0,15-02-2024,1499.2391215454545
683,2024.0,2.0,18.0,15-02-2024,1407.5736390744753
684,2024.0,2.0,19.0,15-02-2024,1314.2337329356008
685,2024.0,2.0,20.0,15-02-2024,1568.4728649321878
686,2024.0,2.0,21.0,15-02-2024,1551.937272390246
687,2024.0,2.0,22.0,15-02-2024,1494.2807043490295
688,2024.0,2.0,23.0,15-02-2024,1501.1885490172335
689,2024.0,2.0,24.0,15-02-2024,1416.9300116489428
690,2024.0,2.0,25.0,15-02-2024,1358.3448896698828
691,2024.0,2.0,26.0,15-02-2024,1407.1281658972484
692,2024.0,2.0,27.0,15-02-2024,1311.1589258793986
693,2024.0,2.0,28.0,15-02-2024,1436.40831254991
694,2024.0,2.0,29.0,15-02-2024,1407.4331640655448
695,2024.0,3.0,1.0,15-02-2024,1450.0727656467807
696,2024.0,3.0,2.0,15-02-2024,1529.9739165618566
697,2024.0,3.0,3.0,15-02-2024,1401.0663006934456
698,2024.0,3.0,4.0,15-02-2024,1399.0442142121253
699,2024.0,3.0,5.0,15-02-2024,1494.2608490410844
700,2024.0,3.0,6.0,15-02-2024,1433.6207450423528
701,2024.0,3.0,7.0,15-02-2024,1464.1215571834907
702,2024.0,3.0,8.0,15-02-2024,1511.949649157458
703,2024.0,3.0,9.0,15-02-2024,1368.2487486488214
704,2024.0,3.0,10.0,15-02-2024,1375.7321854491079
705,2024.0,3.0,11.0,15-02-2024,1347.3677800449427
706,2024.0,3.0,12.0,15-02-2024,1373.9846606373042
707,2024.0,3.0,13.0,15-02-2024,1374.9450268140822
708,2024.0,3.0,14.0,15-02-2024,1402.1675247943097
709,2024.0,3.0,15.0,15-02-2024,1384.0079551767294
710,2024.0,3.0,16.0,15-02-2024,1324.3117732841006
711,2024.0,3.0,17.0,15-02-2024,1240.897330194126
712,2024.0,3.0,18.0,15-02-2024,1216.6561851297329
713,2024.0,3.0,19.0,15-02-2024,1134.2531022257458
714,2024.0,3.0,20.0,15-02-2024,1097.3058830694063
715,2024.0,3.0,21.0,15-02-2024,1021.8982947556914
716,2024.0,3.0,22.0,15-02-2024,971.8158144746644
717,2024.0,3.0,23.0,15-02-2024,950.6790147271188
718,2024.0,3.0,24.0,15-02-2024,881.9197616576952
719,2024.0,3.0,25.0,15-02-2024,957.0522982794973
720,2024.0,3.0,26.0,15-02-2024,986.3551193900648
721,2024.0,3.0,27.0,15-02-2024,1048.8702432520251
722,2024.0,3.0,28.0,15-02-2024,1251.1742143205386
723,2024.0,3.0,29.0,15-02-2024,1373.374301528788
724,2024.0,3.0,30.0,15-02-2024,1406.0200928659758
725,2024.0,3.0,31.0,15-02-2024,1361.1329548280003
726,2024.0,4.0,1.0,15-02-2024,1421.5270324755218
727,2024.0,4.0,2.0,15-02-2024,1371.217706893848
728,2024.0,4.0,3.0,15-02-2024,1435.989594333245
729,2024.0,4.0,4.0,15-02-2024,1452.3244219956507
730,2024.0,4.0,5.0,15-02-2024,1548.6376799477023
731,2024.0,4.0,6.0,15-02-2024,1387.015271622917
732,2024.0,4.0,7.0,15-02-2024,1227.5226702356638
733,2024.0,4.0,8.0,15-02-2024,1339.2136986658804
734,2024.0,4.0,9.0,15-02-2024,1308.7765385825182
735,2024.0,4.0,10.0,15-02-2024,1135.096666727461
736,2024.0,4.0,11.0,15-02-2024,1164.218185703148
737,2024.0,4.0,12.0,15-02-2024,1178.8051231670588
738,2024.0,4.0,13.0,15-02-2024,1265.1905425420568
739,2024.0,4.0,14.0,15-02-2024,1289.7962299885116
740,2024.0,4.0,15.0,15-02-2024,1178.313190926667
741,2024.0,4.0,16.0,15-02-2024,1066.8882639127003
742,2024.0,4.0,17.0,15-02-2024,1031.4919331814456
743,2024.0,4.0,18.0,15-02-2024,984.219635276886
744,2024.0,4.0,19.0,15-02-2024,898.1902964398517
745,2024.0,4.0,20.0,15-02-2024,772.7009578650652
746,2024.0,4.0,21.0,15-02-2024,811.7593913418865
747,2024.0,4.0,22.0,15-02-2024,814.6269675994952
748,2024.0,4.0,23.0,15-02-2024,765.0701302744313
749,2024.0,4.0,24.0,15-02-2024,845.1819234445516
750,2024.0,4.0,25.0,15-02-2024,695.9312809492909
751,2024.0,4.0,26.0,15-02-2024,673.0759000067476
752,2024.0,4.0,27.0,15-02-2024,796.4054483890673
753,2024.0,4.0,28.0,15-02-2024,667.7094377405467
754,2024.0,4.0,29.0,15-02-2024,685.3535824754426
755,2024.0,4.0,30.0,15-02-2024,685.6123216906192
756,2024.0,5.0,1.0,15-02-2024,696.284656140948
757,2024.0,5.0,2.0,15-02-2024,737.9650282175803
758,2024.0,5.0,3.0,15-02-2024,724.7387380009474
759,2024.0,5.0,4.0,15-02-2024,602.7348708639538
760,2024.0,5.0,5.0,15-02-2024,547.2677912656848
761,2024.0,5.0,6.0,15-02-2024,476.2598301513824
762,2024.0,5.0,7.0,15-02-2024,584.7122920952279
763,2024.0,5.0,8.0,15-02-2024,520.4337812312443
764,2024.0,5.0,9.0,15-02-2024,562.5422863711465
765,2024.0,5.0,10.0,15-02-2024,476.62026319625403
766,2024.0,5.0,11.0,15-02-2024,467.8381310506565
767,2024.0,5.0,12.0,15-02-2024,420.7712418674648
768,2024.0,5.0,13.0,15-02-2024,390.9551012705027
769,2024.0,5.0,14.0,15-02-2024,401.81317651798355
770,2024.0,5.0,15.0,15-02-2024,402.2236002600099
771,2024.0,5.0,16.0,15-02-2024,375.25102416198985
772,2024.0,5.0,17.0,15-02-2024,399.5167021597517
773,2024.0,5.0,18.0,15-02-2024,406.70324274855534
774,2024.0,5.0,19.0,15-02-2024,339.0626273785856
775,2024.0,5.0,20.0,15-02-2024,329.96622390968764
776,2024.0,5.0,21.0,15-02-2024,304.68076680684175
777,2024.0,5.0,22.0,15-02-2024,267.87437379706665
778,2024.0,5.0,23.0,15-02-2024,269.3972569288568
779,2024.0,5.0,24.0,15-02-2024,286.12444337706705
780,2024.0,5.0,25.0,15-02-2024,370.8702102776843
781,2024.0,5.0,26.0,15-02-2024,351.65954548735124
782,2024.0,5.0,27.0,15-02-2024,341.9877956464037
783,2024.0,5.0,28.0,15-02-2024,283.1778114794973
784,2024.0,5.0,29.0,15-02-2024,315.14046304565295
785,2024.0,5.0,30.0,15-02-2024,268.5344474466548
786,2024.0,5.0,31.0,15-02-2024,304.0346896904958
787,2024.0,6.0,1.0,15-02-2024,313.1616313077574
788,2024.0,6.0,2.0,15-02-2024,241.89318717306153
789,2024.0,6.0,3.0,15-02-2024,275.8874001954833
790,2024.0,6.0,4.0,15-02-2024,326.5901845044522
791,2024.0,6.0,5.0,15-02-2024,380.7671360866775
792,2024.0,6.0,6.0,15-02-2024,290.8356726230812
793,2024.0,6.0,7.0,15-02-2024,370.63015387454465
794,2024.0,6.0,8.0,15-02-2024,309.77732753262734
795,2024.0,6.0,9.0,15-02-2024,382.76039988286794
796,2024.0,6.0,10.0,15-02-2024,402.00565990519925
797,2024.0,6.0,11.0,15-02-2024,288.85871001624014
798,2024.0,6.0,12.0,15-02-2024,303.6869145472527
799,2024.0,6.0,13.0,15-02-2024,284.13630837540717
800,2024.0,6.0,14.0,15-02-2024,231.60349920838144
801,2024.0,6.0,15.0,15-02-2024,214.3736761037574
802,2024.0,6.0,16.0,15-02-2024,227.2624182727659
803,2024.0,6.0,17.0,15-02-2024,239.1897603249754
804,2024.0,6.0,18.0,15-02-2024,292.9126109217418
805,2024.0,6.0,19.0,15-02-2024,259.53544141635393
806,2024.0,6.0,20.0,15-02-2024,205.36658925533314
807,2024.0,6.0,21.0,15-02-2024,218.68039518945687
808,2024.0,6.0,22.0,15-02-2024,264.3900937412022
809,2024.0,6.0,23.0,15-02-2024,251.27520301889285
810,2024.0,6.0,24.0,15-02-2024,252.70388516803993
811,2024.0,6.0,25.0,15-02-2024,248.40717977973006
812,2024.0,6.0,26.0,15-02-2024,270.62906019526883
813,2024.0,6.0,27.0,15-02-2024,330.462950985012
814,2024.0,6.0,28.0,15-02-2024,323.9782466844576
815,2024.0,6.0,29.0,15-02-2024,417.12405115876606
816,2024.0,6.0,30.0,15-02-2024,379.4072827479205
817,2024.0,7.0,1.0,15-02-2024,464.767010729895
818,2024.0,7.0,2.0,15-02-2024,423.56061403757906
819,2024.0,7.0,3.0,15-02-2024,434.6323880854501
820,2024.0,7.0,4.0,15-02-2024,377.1644286233507
821,2024.0,7.0,5.0,15-02-2024,340.99138115375933
822,2024.0,7.0,6.0,15-02-2024,367.7603149271515
823,2024.0,7.0,7.0,15-02-2024,402.35114850981137
824,2024.0,7.0,8.0,15-02-2024,433.0087044085173
825,2024.0,7.0,9.0,15-02-2024,318.9298252030501
826,2024.0,7.0,10.0,15-02-2024,283.52732231876547
827,2024.0,7.0,11.0,15-02-2024,253.59315681779995
828,2024.0,7.0,12.0,15-02-2024,314.824846631434
829,2024.0,7.0,13.0,15-02-2024,260.70948923715224
830,2024.0,7.0,14.0,15-02-2024,218.0233376714241
831,2024.0,7.0,15.0,15-02-2024,222.22021424470577
832,2024.0,7.0,16.0,15-02-2024,229.80324315396658
833,2024.0,7.0,17.0,15-02-2024,258.9002127118979
834,2024.0,7.0,18.0,15-02-2024,235.8526965950404
835,2024.0,7.0,19.0,15-02-2024,255.4256745220032
836,2024.0,7.0,20.0,15-02-2024,299.37288915487204
837,2024.0,7.0,21.0,15-02-2024,323.75833752928907
838,2024.0,7.0,22.0,15-02-2024,311.71456219417433
839,2024.0,7.0,23.0,15-02-2024,304.8385727959211
840,2024.0,7.0,24.0,15-02-2024,284.5366385939708
841,2024.0,7.0,25.0,15-02-2024,347.58662585669913
842,2024.0,7.0,26.0,15-02-2024,337.31243367386753
843,2024.0,7.0,27.0,15-02-2024,276.6775738463617
844,2024.0,7.0,28.0,15-02-2024,287.7109366492341
845,2024.0,7.0,29.0,15-02-2024,245.36660614694227
846,2024.0,7.0,30.0,15-02-2024,222.59104578532674
847,2024.0,7.0,31.0,15-02-2024,241.1311454783067
848,2024.0,8.0,1.0,15-02-2024,333.42745496644045
849,2024.0,8.0,2.0,15-02-2024,392.61170651602106
850,2024.0,8.0,3.0,15-02-2024,367.0560599054186
851,2024.0,8.0,4.0,15-02-2024,381.2866328164506
852,2024.0,8.0,5.0,15-02-2024,420.8760460288876
853,2024.0,8.0,6.0,15-02-2024,373.3219566464181
854,2024.0,8.0,7.0,15-02-2024,440.31666932473394
855,2024.0,8.0,8.0,15-02-2024,398.9845298306189
856,2024.0,8.0,9.0,15-02-2024,366.8555766618404
857,2024.0,8.0,10.0,15-02-2024,384.16356735069434
858,2024.0,8.0,11.0,15-02-2024,476.31255518564313
859,2024.0,8.0,12.0,15-02-2024,490.7407143718218
860,2024.0,8.0,13.0,15-02-2024,415.9517462141008
861,2024.0,8.0,14.0,15-02-2024,395.24424966924306
862,2024.0,8.0,15.0,15-02-2024,331.9097524219592
863,2024.0,8.0,16.0,15-02-2024,299.5403774367131
864,2024.0,8.0,17.0,15-02-2024,155.83882057247405
865,2024.0,8.0,18.0,15-02-2024,203.70497646961516
866,2024.0,8.0,19.0,15-02-2024,213.98576345309715
867,2024.0,8.0,20.0,15-02-2024,256.1024534584541
868,2024.0,8.0,21.0,15-02-2024,198.66031683897592
869,2024.0,8.0,22.0,15-02-2024,168.9889737398983
870,2024.0,8.0,23.0,15-02-2024,212.80288486155257
871,2024.0,8.0,24.0,15-02-2024,184.6521969601534
872,2024.0,8.0,25.0,15-02-2024,207.40514812610897
873,2024.0,8.0,26.0,15-02-2024,174.13420448732188
874,2024.0,8.0,27.0,15-02-2024,118.57737771345276
875,2024.0,8.0,28.0,15-02-2024,170.79809288000857
876,2024.0,8.0,29.0,15-02-2024,166.38802553136858
877,2024.0,8.0,30.0,15-02-2024,80.27871211484074
878,2024.0,8.0,31.0,15-02-2024,82.91809501263873
879,2024.0,9.0,1.0,15-02-2024,118.36729581672571
880,2024.0,9.0,2.0,15-02-2024,122.11978558296066
881,2024.0,9.0,3.0,15-02-2024,116.48612044275262
882,2024.0,9.0,4.0,15-02-2024,188.82732940028876
883,2024.0,9.0,5.0,15-02-2024,170.4616260410043
884,2024.0,9.0,6.0,15-02-2024,222.7324807359902
885,2024.0,9.0,7.0,15-02-2024,264.579767637896
886,2024.0,9.0,8.0,15-02-2024,276.65261274243716
887,2024.0,9.0,9.0,15-02-2024,295.46485025477574
888,2024.0,9.0,10.0,15-02-2024,321.5240769252242
889,2024.0,9.0,11.0,15-02-2024,329.0230890725577
890,2024.0,9.0,12.0,15-02-2024,336.4921830986594
891,2024.0,9.0,13.0,15-02-2024,379.8517499489095
892,2024.0,9.0,14.0,15-02-2024,324.17821167129813
893,2024.0,9.0,15.0,15-02-2024,258.9900744231798
894,2024.0,9.0,16.0,15-02-2024,283.12044180442956
895,2024.0,9.0,17.0,15-02-2024,332.7869412140021
896,2024.0,9.0,18.0,15-02-2024,343.33374479661245
897,2024.0,9.0,19.0,15-02-2024,307.78413976227
898,2024.0,9.0,20.0,15-02-2024,380.75360434589123
899,2024.0,9.0,21.0,15-02-2024,282.3260134510925
900,2024.0,9.0,22.0,15-02-2024,302.78853261567815
901,2024.0,9.0,23.0,15-02-2024,276.98404505264716
902,2024.0,9.0,24.0,15-02-2024,279.00186782962106
903,2024.0,9.0,25.0,15-02-2024,331.38113285868246
904,2024.0,9.0,26.0,15-02-2024,282.37252569005096
905,2024.0,9.0,27.0,15-02-2024,256.6897873482999
906,2024.0,9.0,28.0,15-02-2024,198.5343027366371
907,2024.0,9.0,29.0,15-02-2024,271.5571894638566
908,2024.0,9.0,30.0,15-02-2024,205.90955343921132
909,2024.0,10.0,1.0,15-02-2024,196.21203647272537
910,2024.0,10.0,2.0,15-02-2024,191.33346934306087
911,2024.0,10.0,3.0,15-02-2024,331.64702223245706
912,2024.0,10.0,4.0,15-02-2024,293.55280506887243
913,2024.0,10.0,5.0,15-02-2024,309.1518106438633
914,2024.0,10.0,6.0,15-02-2024,300.20955526802175
915,2024.0,10.0,7.0,15-02-2024,276.6922794990108
916,2024.0,10.0,8.0,15-02-2024,335.24850358820345
917,2024.0,10.0,9.0,15-02-2024,280.32437529280844
918,2024.0,10.0,10.0,15-02-2024,257.3287268367906
919,2024.0,10.0,11.0,15-02-2024,306.02590335510416
920,2024.0,10.0,12.0,15-02-2024,300.0338815140665
921,2024.0,10.0,13.0,15-02-2024,314.8117789860391
922,2024.0,10.0,14.0,15-02-2024,338.8078969580091
923,2024.0,10.0,15.0,15-02-2024,307.66728346018465
924,2024.0,10.0,16.0,15-02-2024,288.90984855954633
925,2024.0,10.0,17.0,15-02-2024,332.57092753169206
926,2024.0,10.0,18.0,15-02-2024,281.12563464557087
927,2024.0,10.0,19.0,15-02-2024,261.5704236136617
928,2024.0,10.0,20.0,15-02-2024,203.47340818480632
929,2024.0,10.0,21.0,15-02-2024,302.4213789785457
930,2024.0,10.0,22.0,15-02-2024,255.15665509349833
931,2024.0,10.0,23.0,15-02-2024,355.5904769212023
932,2024.0,10.0,24.0,15-02-2024,299.7904307700434
933,2024.0,10.0,25.0,15-02-2024,429.7374804503277
934,2024.0,10.0,26.0,15-02-2024,643.706814891903
935,2024.0,10.0,27.0,15-02-2024,774.4155462274654
936,2024.0,10.0,28.0,15-02-2024,646.4698983611331
937,2024.0,10.0,29.0,15-02-2024,599.2408119574487
938,2024.0,10.0,30.0,15-02-2024,604.0621103477347
939,2024.0,10.0,31.0,15-02-2024,615.3613545891574
940,2024.0,11.0,1.0,15-02-2024,567.466250362167
941,2024.0,11.0,2.0,15-02-2024,384.5649938721097
942,2024.0,11.0,3.0,15-02-2024,349.15264539622416
943,2024.0,11.0,4.0,15-02-2024,364.2043193351613
944,2024.0,11.0,5.0,15-02-2024,397.2505636997344
945,2024.0,11.0,6.0,15-02-2024,423.1180794237954
946,2024.0,11.0,7.0,15-02-2024,544.246449920438
947,2024.0,11.0,8.0,15-02-2024,551.1001970771844
948,2024.0,11.0,9.0,15-02-2024,629.7638164702947
949,2024.0,11.0,10.0,15-02-2024,602.7220814455707
950,2024.0,11.0,11.0,15-02-2024,636.6788648567705
951,2024.0,11.0,12.0,15-02-2024,648.2162438598841
952,2024.0,11.0,13.0,15-02-2024,628.6247611696068
953,2024.0,11.0,14.0,15-02-2024,627.704656455452
954,2024.0,11.0,15.0,15-02-2024,616.1698521509704
955,2024.0,11.0,16.0,15-02-2024,615.4106005724965
956,2024.0,11.0,17.0,15-02-2024,556.9866046576614
957,2024.0,11.0,18.0,15-02-2024,561.4707295400368
958,2024.0,11.0,19.0,15-02-2024,531.3971862368038
959,2024.0,11.0,20.0,15-02-2024,417.0843217488128
960,2024.0,11.0,21.0,15-02-2024,403.3948864754813
961,2024.0,11.0,22.0,15-02-2024,337.0065115863201
962,2024.0,11.0,23.0,15-02-2024,334.08211211051236
963,2024.0,11.0,24.0,15-02-2024,377.41397930790373
964,2024.0,11.0,25.0,15-02-2024,321.9694139667717
965,2024.0,11.0,26.0,15-02-2024,300.1147854018677
966,2024.0,11.0,27.0,15-02-2024,316.53071272807716
967,2024.0,11.0,28.0,15-02-2024,333.9756235317957
968,2024.0,11.0,29.0,15-02-2024,371.3328464787623
969,2024.0,11.0,30.0,15-02-2024,314.28756328384384
970,2024.0,12.0,1.0,15-02-2024,238.8180857690749
971,2024.0,12.0,2.0,15-02-2024,290.0359115162527
972,2024.0,12.0,3.0,15-02-2024,208.60483435846464
973,2024.0,12.0,4.0,15-02-2024,272.3363538762926
974,2024.0,12.0,5.0,15-02-2024,272.8328926756454
975,2024.0,12.0,6.0,15-02-2024,199.5551525364598
976,2024.0,12.0,7.0,15-02-2024,170.19557970994057
977,2024.0,12.0,8.0,15-02-2024,218.52496060317404
978,2024.0,12.0,9.0,15-02-2024,128.8795697973902
979,2024.0,12.0,10.0,15-02-2024,140.43832099007258
980,2024.0,12.0,11.0,15-02-2024,68.97937281038257
981,2024.0,12.0,12.0,15-02-2024,91.17290460263094
982,2024.0,12.0,13.0,15-02-2024,110.97478670315111
983,2024.0,12.0,14.0,15-02-2024,167.38994924724625
984,2024.0,12.0,15.0,15-02-2024,159.1612366867958
985,2024.0,12.0,16.0,15-02-2024,214.88419458796193
986,2024.0,12.0,17.0,15-02-2024,131.1112611726087
987,2024.0,12.0,18.0,15-02-2024,205.1124881284286
988,2024.0,12.0,19.0,15-02-2024,247.5879808733146
989,2024.0,12.0,20.0,15-02-2024,293.8019888130894
990,2024.0,12.0,21.0,15-02-2024,472.35533805352543
991,2024.0,12.0,22.0,15-02-2024,498.97855202182126
992,2024.0,12.0,23.0,15-02-2024,556.894218930671
993,2024.0,12.0,24.0,15-02-2024,505.62553186549013
994,2024.0,12.0,25.0,15-02-2024,519.5173790208592
995,2024.0,12.0,26.0,15-02-2024,631.7266999393378
996,2024.0,12.0,27.0,15-02-2024,762.7483954834332
997,2024.0,12.0,28.0,15-02-2024,875.8072503108644
998,2024.0,12.0,29.0,15-02-2024,818.1090637405215
999,2024.0,12.0,30.0,15-02-2024,710.706320889818
1000,2024.0,12.0,31.0,15-02-2024,669.084141085562
